{
  "src": [
    "audio/chapter3.mp3"
  ],
  "sprite": {
    "chapter_3_vo_1": [
      0,
      12455.283446712017
    ],
    "chapter_3_vo_3": [
      14000,
      4442.947845804987
    ],
    "chapter_3_vo_4": [
      20000,
      7940.702947845807
    ]
  }
}