{
  "src": [
    "audio/chapter4.mp3"
  ],
  "sprite": {
    "chapter_4_vo_1": [
      0,
      14824.036281179138
    ],
    "chapter_4_vo_3": [
      16000,
      3658.5260770975055
    ],
    "chapter_4_vo_4": [
      21000,
      7733.265306122447
    ]
  }
}