{
  "src": [
    "audio/chapter1.mp3"
  ],
  "sprite": {
    "chapter_1_vo_1": [
      0,
      19181.90476190476
    ],
    "chapter_1_vo_3": [
      21000,
      3410.9750566893417
    ],
    "chapter_1_vo_4": [
      26000,
      9494.263038548752
    ]
  }
}