{
  "src": [
    "audio/chapter2.mp3"
  ],
  "sprite": {
    "chapter_2_vo_1": [
      0,
      15595.918367346938
    ],
    "chapter_2_vo_3": [
      17000,
      3405.5328798185938
    ],
    "chapter_2_vo_4": [
      22000,
      7631.24716553288
    ]
  }
}