{
  "src": [
    "audio/portail.mp3"
  ],
  "sprite": {
    "ui_menu_scene1_vo_a": [
      0,
      3165.6009070294785
    ],
    "ui_menu_scene1_vo_b": [
      5000,
      3149.1609977324265
    ],
    "ui_menu_scene1_vo_c": [
      10000,
      3067.0294784580497
    ],
    "ui_menu_scene2_vo_a": [
      15000,
      3318.956916099772
    ],
    "ui_menu_scene2_vo_b": [
      20000,
      2782.2222222222235
    ],
    "ui_menu_scene2_vo_c": [
      24000,
      2628.548752834469
    ],
    "ui_menu_scene3_vo_a": [
      28000,
      3176.5532879818606
    ],
    "ui_menu_scene3_vo_b": [
      33000,
      3028.6848072562334
    ],
    "ui_menu_scene3_vo_c": [
      38000,
      3187.5056689342427
    ],
    "ui_menu_scene4_vo_a": [
      43000,
      3165.6009070294785
    ],
    "ui_menu_scene4_vo_b": [
      48000,
      3045.124716553289
    ],
    "ui_menu_scene4_vo_c": [
      53000,
      3532.403628117912
    ]
  },
  "preload": "false"
}