{
  "src": [
    "audio/ui.mp3"
  ],
  "sprite": {
    "kaizen_ch-all_step1": [
      0,
      3265.3061224489797
    ],
    "kaizen_ch-all_step2": [
      5000,
      2977.9591836734694
    ],
    "kaizen_cta": [
      9000,
      883.3333333333328
    ],
    "kaizen_cta_alt": [
      11000,
      1166.666666666666
    ],
    "kaizen_hover": [
      14000,
      699.9999999999993
    ]
  }
}